TITLE,LINK
"ARCHITECTURE COURSES
",https://www.coursef.com/architecture-courses
"ARCHITECTURAL PROGRAM
",https://www.coursef.com/architectural-program
"ARCHITECTURAL SOFTWARE PROGRAMS
",https://www.coursef.com/architectural-software-programs
"FREE ARCHITECTURAL DESIGN SOFTWARE PROGRAMS
",https://www.coursef.com/free-architectural-design-software-programs
"ARCHITECTURAL DESIGN PROGRAMS FREE
",https://www.coursef.com/architectural-design-programs-free
"ARCHITECTURAL DESIGN PROGRAMS FREE DOWNLOAD
",https://www.coursef.com/architectural-design-programs-free-download
"ARCHITECTURAL DESIGN PROGRAMS SOFTWARE
",https://www.coursef.com/architectural-design-programs-software
"ARCHITECTURE COMPUTER PROGRAMS
",https://www.coursef.com/architecture-computer-programs
"ARCHITECTURAL DESIGN COMPUTER PROGRAMS
",https://www.coursef.com/architectural-design-computer-programs
"ONLINE ARCHITECTURAL DESIGN PROGRAMS
",https://www.coursef.com/online-architectural-design-programs
"ARCHITECTURE CERTIFICATE PROGRAMS ONLINE
",https://www.coursef.com/architecture-certificate-programs-online
"ONLINE CERTIFICATE IN ARCHITECTURE
",https://www.coursef.com/online-certificate-in-architecture
"LANDSCAPE ARCHITECTURE CERTIFICATE ONLINE
",https://www.coursef.com/landscape-architecture-certificate-online
"LANDSCAPE ARCHITECTURE ONLINE DEGREE
",https://www.coursef.com/landscape-architecture-online-degree
"LANDSCAPE DESIGN DEGREE ONLINE
",https://www.coursef.com/landscape-design-degree-online
"LANDSCAPE ARCHITECT DEGREE ONLINE
",https://www.coursef.com/landscape-architect-degree-online
"LANDSCAPE ARCHITECTURE DEGREE
",https://www.coursef.com/landscape-architecture-degree
"COLLEGES WITH LANDSCAPE ARCHITECTURE DEGREES
",https://www.coursef.com/colleges-with-landscape-architecture-degrees
"LANDSCAPE ARCHITECTURE DEGREE ONLINE
",https://www.coursef.com/landscape-architecture-degree-online
"LANDSCAPE ARCHITECTURE ONLINE MASTERS PROGRAM
",https://www.coursef.com/landscape-architecture-online-masters-program
"ONLINE LANDSCAPE DESIGN DEGREE
",https://www.coursef.com/online-landscape-design-degree
"ONLINE LANDSCAPE DESIGN CERTIFICATE
",https://www.coursef.com/online-landscape-design-certificate
"ONLINE LANDSCAPE DESIGN CERTIFICATE PROGRAMS
",https://www.coursef.com/online-landscape-design-certificate-programs
"LANDSCAPE DESIGN DEGREE
",https://www.coursef.com/landscape-design-degree
"LANDSCAPE DESIGN SCHOOLS
",https://www.coursef.com/landscape-design-schools
"LANDSCAPE DESIGN PROGRAMS NEAR ME
",https://www.coursef.com/landscape-design-programs-near-me
"LANDSCAPE DESIGN SCHOOLS NEAR ME
",https://www.coursef.com/landscape-design-schools-near-me
"LANDSCAPE DESIGN COLLEGES
",https://www.coursef.com/landscape-design-colleges
"LANDSCAPE DESIGN DEGREE COLLEGES
",https://www.coursef.com/landscape-design-degree-colleges
"DEGREE IN LANDSCAPE
",https://www.coursef.com/degree-in-landscape
"LANDSCAPE DEGREE PROGRAMS TEXAS
",https://www.coursef.com/landscape-degree-programs-texas
"TEXAS TECH UNIVERSITY DEGREE PROGRAMS
",https://www.coursef.com/texas-tech-university-degree-programs
"TEXAS TECH PROGRAMS OF STUDY​
",https://www.coursef.com/texas-tech-programs-of-study
"TEXAS TECH EDUCATION DEGREE PLAN
",https://www.coursef.com/texas-tech-education-degree-plan
"TEXAS TECH MARKETING DEGREE PLAN
",https://www.coursef.com/texas-tech-marketing-degree-plan
"TEXAS TECH MARKETING DEGREE
",https://www.coursef.com/texas-tech-marketing-degree
"TEXAS TECH BUSINESS DEGREE PLAN
",https://www.coursef.com/texas-tech-business-degree-plan
"TEXAS TECH BUSINESS ADMINISTRATION DEGREE
",https://www.coursef.com/texas-tech-business-administration-degree
"TEXAS TECH DEGREE PROGRAMS
",https://www.coursef.com/texas-tech-degree-programs
"TEXAS TECH ONLINE DEGREES
",https://www.coursef.com/texas-tech-online-degrees
"TEXAS TECH ONLINE CLASSES
",https://www.coursef.com/texas-tech-online-classes
"TEXAS TECH ONLINE CLASSES CATALOG
",https://www.coursef.com/texas-tech-online-classes-catalog
"TEXAS TECH ONLINE HIGH SCHOOL
",https://www.coursef.com/texas-tech-online-high-school
"TEXAS TECH ONLINE HOMESCHOOL
",https://www.coursef.com/texas-tech-online-homeschool
"TEXAS TECH HIGH SCHOOL ONLINE
",https://www.coursef.com/texas-tech-high-school-online
"TEXAS TECH HIGH SCHOOL ONLINE COURSES
",https://www.coursef.com/texas-tech-high-school-online-courses
"TEXAS TECH UNIVERSITY HOMESCHOOL PROGRAM
",https://www.coursef.com/texas-tech-university-homeschool-program
"STANFORD UNIVERSITY HOMESCHOOL
",https://www.coursef.com/stanford-university-homeschool
"STANFORD HOMESCHOOL PROGRAM
",https://www.coursef.com/stanford-homeschool-program
"STANFORD ACHIEVEMENT TEST FOR HOMESCHOOLERS
",https://www.coursef.com/stanford-achievement-test-for-homeschoolers
"STANFORD 10 ONLINE TESTING HOMESCHOOL
",https://www.coursef.com/stanford-10-online-testing-homeschool
"STANFORD 10 ONLINE FOR HOMESCHOOLERS
",https://www.coursef.com/stanford-10-online-for-homeschoolers
"STANFORD 10 HOMESCHOOL TEST
",https://www.coursef.com/stanford-10-homeschool-test
"HOMESCHOOL TESTING SERVICES
",https://www.coursef.com/homeschool-testing-services
"STANDARDIZED TESTING FOR HOMESCHOOLERS ONLINE
",https://www.coursef.com/standardized-testing-for-homeschoolers-online
"CALIFORNIA ACHIEVEMENT TEST PRACTICE FREE
",https://www.coursef.com/california-achievement-test-practice-free
"FREE CAT TEST FOR HOMESCHOOLERS
",https://www.coursef.com/free-cat-test-for-homeschoolers
"CAT STANDARDIZED TEST FOR HOMESCHOOLERS
",https://www.coursef.com/cat-standardized-test-for-homeschoolers
"CAT TEST ONLINE HOMESCHOOL
",https://www.coursef.com/cat-test-online-homeschool
"CHRISTIAN LIBERTY HOMESCHOOL CAT TEST
",https://www.coursef.com/christian-liberty-homeschool-cat-test
"CAT TEST FOR HOMESCHOOL
",https://www.coursef.com/cat-test-for-homeschool
"ORDER CAT TEST FOR HOMESCHOOLERS
",https://www.coursef.com/order-cat-test-for-homeschoolers
"FREE ASSESSMENT TEST FOR HOMESCHOOLERS
",https://www.coursef.com/free-assessment-test-for-homeschoolers
"FREE PLACEMENT TESTS FOR HOMESCHOOLERS
",https://www.coursef.com/free-placement-tests-for-homeschoolers
"FREE STANDARDIZED TEST FOR HOMESCHOOLERS
",https://www.coursef.com/free-standardized-test-for-homeschoolers
"HOMESCHOOL END OF GRADE TESTING
",https://www.coursef.com/homeschool-end-of-grade-testing
"HOMESCHOOL STANDARDIZED TEST
",https://www.coursef.com/homeschool-standardized-test
"HOMESCHOOL STANDARDIZED TESTING ONLINE
",https://www.coursef.com/homeschool-standardized-testing-online
"STANDARDIZED TESTING FOR HOMESCHOOL
",https://www.coursef.com/standardized-testing-for-homeschool
"NATIONAL STANDARDIZED TESTING FOR HOMESCHOOL
",https://www.coursef.com/national-standardized-testing-for-homeschool
"ONLINE STANDARDIZED TESTING HOMESCHOOL
",https://www.coursef.com/online-standardized-testing-homeschool
"STANDARDIZED TESTS FOR HOMESCHOOLERS
",https://www.coursef.com/standardized-tests-for-homeschoolers
"STANFORD TESTING FOR HOMESCHOOLERS
",https://www.coursef.com/stanford-testing-for-homeschoolers
"ONLINE HOMESCHOOL TESTING SERVICES
",https://www.coursef.com/online-homeschool-testing-services
"ONLINE STANDARDIZED TESTING FOR HOMESCHOOLERS
",https://www.coursef.com/online-standardized-testing-for-homeschoolers
"ONLINE ACHIEVEMENT TESTS FOR HOMESCHOOLERS
",https://www.coursef.com/online-achievement-tests-for-homeschoolers
"NATIONAL STANDARDIZED TESTS FOR HOMESCHOOLERS
",https://www.coursef.com/national-standardized-tests-for-homeschoolers
"STANDARDIZED TEST FOR HOMESCHOOLERS NC
",https://www.coursef.com/standardized-test-for-homeschoolers-nc
"NORTH CAROLINA HOMESCHOOL TESTING
",https://www.coursef.com/north-carolina-homeschool-testing
"NC STANDARDIZED TESTING FOR HOMESCHOOLERS
",https://www.coursef.com/nc-standardized-testing-for-homeschoolers
"HOMESCHOOL TESTING SERVICES NC
",https://www.coursef.com/homeschool-testing-services-nc
"NC HOMESCHOOL TESTING REQUIREMENTS
",https://www.coursef.com/nc-homeschool-testing-requirements
"NORTH CAROLINA HOMESCHOOL LAWS REQUIREMENTS
",https://www.coursef.com/north-carolina-homeschool-laws-requirements
"HOMESCHOOLING LAWS IN NORTH CAROLINA
",https://www.coursef.com/homeschooling-laws-in-north-carolina
"NORTH CAROLINA HOME SCHOOL REQUIREMENTS
",https://www.coursef.com/north-carolina-home-school-requirements
"FREE ONLINE HOMESCHOOLING IN NC
",https://www.coursef.com/free-online-homeschooling-in-nc
"NC ONLINE SCHOOL K 12
",https://www.coursef.com/nc-online-school-k-12
"NORTH CAROLINA ONLINE PUBLIC SCHOOL
",https://www.coursef.com/north-carolina-online-public-school
"NC ONLINE HIGH SCHOOL FREE
",https://www.coursef.com/nc-online-high-school-free
"NC FREE ONLINE K12 SCHOOLS
",https://www.coursef.com/nc-free-online-k12-schools
"ONLINE PUBLIC SCHOOL IN NC
",https://www.coursef.com/online-public-school-in-nc
"NC K12 ONLINE SCHOOL
",https://www.coursef.com/nc-k12-online-school
"NC K12 ONLINE HOMESCHOOL
",https://www.coursef.com/nc-k12-online-homeschool
"NC K 12 SCHOOL ONLINE
",https://www.coursef.com/nc-k-12-school-online
"NC VIRTUAL HIGH SCHOOL
",https://www.coursef.com/nc-virtual-high-school
"ONLINE PUBLIC SCHOOL NC
",https://www.coursef.com/online-public-school-nc
"NC VIRTUAL PUBLIC SCHOOL
",https://www.coursef.com/nc-virtual-public-school
"NC ONLINE HIGH SCHOOL CLASSES
",https://www.coursef.com/nc-online-high-school-classes
"NC PUBLIC SCHOOL ONLINE CLASSES
",https://www.coursef.com/nc-public-school-online-classes
"FREE ONLINE HIGH SCHOOL NC
",https://www.coursef.com/free-online-high-school-nc
"NC ONLINE HIGH SCHOOL PROGRAMS
",https://www.coursef.com/nc-online-high-school-programs
"NORTH CAROLINA ONLINE HIGH SCHOOL
",https://www.coursef.com/north-carolina-online-high-school
"TOP HIGH SCHOOLS IN NC
",https://www.coursef.com/top-high-schools-in-nc
"BEST SCHOOLS IN NC
",https://www.coursef.com/best-schools-in-nc
"NORTH CAROLINA SCHOOL DISTRICT RANKINGS
",https://www.coursef.com/north-carolina-school-district-rankings
"BEST SCHOOLS DISTRICTS IN NC
",https://www.coursef.com/best-schools-districts-in-nc
"BEST SCHOOL IN NORTH CAROLINA
",https://www.coursef.com/best-school-in-north-carolina
"BEST PUBLIC SCHOOLS NORTH CAROLINA
",https://www.coursef.com/best-public-schools-north-carolina
"BEST SCHOOL DISTRICT IN NC
",https://www.coursef.com/best-school-district-in-nc
"TOP SCHOOLS IN NORTH CAROLINA
",https://www.coursef.com/top-schools-in-north-carolina
"NORTH CAROLINA BEST PUBLIC SCHOOLS
",https://www.coursef.com/north-carolina-best-public-schools
"NORTH CAROLINA PUBLIC SCHOOL RANKING
",https://www.coursef.com/north-carolina-public-school-ranking
"BEST PUBLIC SCHOOLS IN NC
",https://www.coursef.com/best-public-schools-in-nc
"BEST SCHOOL DISTRICT IN NORTH CAROLINA
",https://www.coursef.com/best-school-district-in-north-carolina
"NC SCHOOL RATINGS BY COUNTY
",https://www.coursef.com/nc-school-ratings-by-county
"NORTH CAROLINA SCHOOL RATINGS MAP
",https://www.coursef.com/north-carolina-school-ratings-map
"NC PUBLIC SCHOOLS RATING
",https://www.coursef.com/nc-public-schools-rating
"SCHOOL RATINGS IN NORTH CAROLINA
",https://www.coursef.com/school-ratings-in-north-carolina
"NORTH CAROLINA SCHOOL RANKINGS
",https://www.coursef.com/north-carolina-school-rankings
"NC PUBLIC HIGH SCHOOL RANKINGS
",https://www.coursef.com/nc-public-high-school-rankings
"NORTH CAROLINA PUBLIC SCHOOLS RANKING
",https://www.coursef.com/north-carolina-public-schools-ranking
"NORTH CAROLINA SCHOOL RANKINGS NATIONALLY
",https://www.coursef.com/north-carolina-school-rankings-nationally
"NORTH CAROLINA SCHOOL SYSTEM RANKINGS
",https://www.coursef.com/north-carolina-school-system-rankings
"NORTH CAROLINA PUBLIC SCHOOL RANKINGS
",https://www.coursef.com/north-carolina-public-school-rankings
"NORTH CAROLINA ELEMENTARY SCHOOL RANKINGS
",https://www.coursef.com/north-carolina-elementary-school-rankings
"NC SCHOOL RANKINGS BY COUNTY
",https://www.coursef.com/nc-school-rankings-by-county
"COLLEGE RANKINGS NC
",https://www.coursef.com/college-rankings-nc
"COLLEGE RANKINGS BY DEGREE PROGRAMS
",https://www.coursef.com/college-rankings-by-degree-programs
"2017 US NEWS COLLEGE RANKING
",https://www.coursef.com/2017-us-news-college-ranking
"US NEWS COLLEGE RANKINGS 2018 RELEASE
",https://www.coursef.com/us-news-college-rankings-2018-release
"BEST COLLEGE 2018 US NEWS
",https://www.coursef.com/best-college-2018-us-news
"BEST COLLEGES US NEWS 2017
",https://www.coursef.com/best-colleges-us-news-2017
"2016 US NEWS COLLEGE RANKINGS
",https://www.coursef.com/2016-us-news-college-rankings
"US NEWS AND WORLD REPORT COLLEGE
",https://www.coursef.com/us-news-and-world-report-college
"US NEWS 2019 COLLEGE RANKING
",https://www.coursef.com/us-news-2019-college-ranking
"US NEWS WORLD REPORT BEST COLLEGES 2017
",https://www.coursef.com/us-news-world-report-best-colleges-2017
"HOW US NEWS RANK COLLEGES
",https://www.coursef.com/how-us-news-rank-colleges
"US NEWS BEST ONLINE COLLEGES 2019
",https://www.coursef.com/us-news-best-online-colleges-2019
"US NEWS COLLEGE RANKINGS COMMUNICATIONS
",https://www.coursef.com/us-news-college-rankings-communications
"JOURNALISM SCHOOL RANKINGS US NEWS
",https://www.coursef.com/journalism-school-rankings-us-news
"CRONKITE SCHOOL OF JOURNALISM RANKING
",https://www.coursef.com/cronkite-school-of-journalism-ranking
"WALTER CRONKITE SCHOOL ASU
",https://www.coursef.com/walter-cronkite-school-asu
"CRONKITE SCHOOL OF JOURNALISM
",https://www.coursef.com/cronkite-school-of-journalism
"WALTER CRONKITE SCHOOL OF JOURNALISM
",https://www.coursef.com/walter-cronkite-school-of-journalism
"ASU CRONKITE SCHOOL
",https://www.coursef.com/asu-cronkite-school
"WALTER CRONKITE SCHOOL ARIZONA STATE
",https://www.coursef.com/walter-cronkite-school-arizona-state
"CRONKITE SCHOOL OF JOURNALISM ASU
",https://www.coursef.com/cronkite-school-of-journalism-asu
"WALTER CRONKITE SCHOOL
",https://www.coursef.com/walter-cronkite-school
"ARIZONA STATE CRONKITE SCHOOL
",https://www.coursef.com/arizona-state-cronkite-school
"CRONKITE SCHOOL GRADUATION
",https://www.coursef.com/cronkite-school-graduation
"CRONKITE SCHOOL ASU
",https://www.coursef.com/cronkite-school-asu
"ASU SCHOOL OF JOURNALISM
",https://www.coursef.com/asu-school-of-journalism
"ASU JOURNALISM PROGRAM
",https://www.coursef.com/asu-journalism-program
"ARIZONA STATE UNIVERSITY JOURNALISM PROGRAM
",https://www.coursef.com/arizona-state-university-journalism-program
"ARIZONA STATE JOURNALISM SCHOOL
",https://www.coursef.com/arizona-state-journalism-school
"ASU JOURNALISM DEGREE​
",https://www.coursef.com/asu-journalism-degree
"ARIZONA STATE UNIVERSITY JOURNALISM MAJOR​
",https://www.coursef.com/arizona-state-university-journalism-major
"ARIZONA STATE UNIVERSITY WALTER CRONKITE​
",https://www.coursef.com/arizona-state-university-walter-cronkite
"WALTER CRONKITE ASU​
",https://www.coursef.com/walter-cronkite-asu
"ASU WALTER CRONKITE SCHOOL OF JOURNALISM​
",https://www.coursef.com/asu-walter-cronkite-school-of-journalism
"ARIZONA STATE WALTER CRONKITE SCHOOL​
",https://www.coursef.com/arizona-state-walter-cronkite-school
"ARIZONA STATE SCHOOL OF JOURNALISM​
",https://www.coursef.com/arizona-state-school-of-journalism
"WALTER CRONKITE SCHOOL OF JOURNALISM ASU
",https://www.coursef.com/walter-cronkite-school-of-journalism-asu
"ARIZONA STATE UNIVERSITY CRONKITE SCHOOL​
",https://www.coursef.com/arizona-state-university-cronkite-school
"CRONKITE SCHOOL FACULTY​
",https://www.coursef.com/cronkite-school-faculty
"ASU WALTER CRONKITE SCHOOL​
",https://www.coursef.com/asu-walter-cronkite-school
"WALTER CRONKITE SCHOOL OF COMMUNICATION​
",https://www.coursef.com/walter-cronkite-school-of-communication
"ASU CRONKITE SCHOOL OF JOURNALISM​
",https://www.coursef.com/asu-cronkite-school-of-journalism
"CRONKITE SCHOOL EVENTS​
",https://www.coursef.com/cronkite-school-events
"WALTER CRONKITE SCHOOL OF BROADCASTING
",https://www.coursef.com/walter-cronkite-school-of-broadcasting
"TOP 10 JOURNALISM SCHOOLS IN THE US
",https://www.coursef.com/top-10-journalism-schools-in-the-us
"JOURNALISM SCHOOL RANKINGS
",https://www.coursef.com/journalism-school-rankings
"JOURNALISM SCHOOL RANKINGS UNDERGRADUATE
",https://www.coursef.com/journalism-school-rankings-undergraduate
"BEST SPORTS JOURNALISM SCHOOLS RANKED
",https://www.coursef.com/best-sports-journalism-schools-ranked
"COLLEGES THAT OFFER JOURNALISM DEGREES
",https://www.coursef.com/colleges-that-offer-journalism-degrees
"TOP JOURNALISM SCHOOLS IN US
",https://www.coursef.com/top-journalism-schools-in-us
"BEST JOURNALISM SCHOOLS RANKING
",https://www.coursef.com/best-journalism-schools-ranking
"US NEWS JOURNALISM SCHOOL RANKINGS
",https://www.coursef.com/us-news-journalism-school-rankings
"US NEWS JOURNALISM COLLEGE RANKINGS
",https://www.coursef.com/us-news-journalism-college-rankings
"TOP COLLEGES FOR BROADCAST JOURNALISM
",https://www.coursef.com/top-colleges-for-broadcast-journalism
"TOP UNIVERSITY FOR JOURNALISM DEGREE
",https://www.coursef.com/top-university-for-journalism-degree
"BEST UNIVERSITIES TO STUDY JOURNALISM
",https://www.coursef.com/best-universities-to-study-journalism
"BROADCAST JOURNALISM SCHOOLS RANKINGS
",https://www.coursef.com/broadcast-journalism-schools-rankings
"RANKINGS OF UNDERGRADUATE JOURNALISM SCHOOLS
",https://www.coursef.com/rankings-of-undergraduate-journalism-schools
"BEST JOURNALISM COLLEGES AND UNIVERSITIES
",https://www.coursef.com/best-journalism-colleges-and-universities
"BEST COLLEGES FOR JOURNALISM DEGREES
",https://www.coursef.com/best-colleges-for-journalism-degrees
"SCHOOLS THAT OFFER SPORTS JOURNALISM
",https://www.coursef.com/schools-that-offer-sports-journalism
"SPORTS JOURNALISM SCHOOLS ONLINE
",https://www.coursef.com/sports-journalism-schools-online
"SPORTS JOURNALISM DEGREES
",https://www.coursef.com/sports-journalism-degrees
"SPORTS JOURNALISM DEGREE PROGRAMS
",https://www.coursef.com/sports-journalism-degree-programs
"SPORTS JOURNALISM MASTERS PROGRAMS
",https://www.coursef.com/sports-journalism-masters-programs
"SPORTS MEDIA GRADUATE PROGRAMS
",https://www.coursef.com/sports-media-graduate-programs
"SPORTS MEDIA DEGREE
",https://www.coursef.com/sports-media-degree
"COLLEGES WITH SPORTS MEDIA DEGREES
",https://www.coursef.com/colleges-with-sports-media-degrees
"BEST COLLEGES FOR SPORTS MEDIA
",https://www.coursef.com/best-colleges-for-sports-media
"COLLEGES WITH SPORTS BROADCASTING MAJORS
",https://www.coursef.com/colleges-with-sports-broadcasting-majors
"TOP 10 SPORTS BROADCASTING SCHOOLS
",https://www.coursef.com/top-10-sports-broadcasting-schools
"BEST SPORTS MEDIA COLLEGES
",https://www.coursef.com/best-sports-media-colleges
"COLLEGE SPORT USA
",https://www.coursef.com/college-sport-usa
"USA TODAY COLLEGE FOOTBALL PICKS
",https://www.coursef.com/usa-today-college-football-picks
"COLLEGE FOOTBALL COMPUTER PICKS PREDICTIONS
",https://www.coursef.com/college-football-computer-picks-predictions
"MOST ACCURATE COLLEGE FOOTBALL PREDICTIONS
",https://www.coursef.com/most-accurate-college-football-predictions
"ACCURATE COLLEGE FOOTBALL PREDICTION SITE
",https://www.coursef.com/accurate-college-football-prediction-site
"COLLEGE FOOTBALL PREDICTION TRACKER
",https://www.coursef.com/college-football-prediction-tracker
"COLLEGE FOOTBALL WEEKLY PREDICTIONS
",https://www.coursef.com/college-football-weekly-predictions
"NCAA COLLEGE FOOTBALL PREDICTIONS
",https://www.coursef.com/ncaa-college-football-predictions
"COLLEGE FOOTBALL PREDICTIONS ALL GAMES
",https://www.coursef.com/college-football-predictions-all-games
"COLLEGE FOOTBALL PREDICTIONS EVERY GAME
",https://www.coursef.com/college-football-predictions-every-game
"COLLEGE FOOTBALL BLEACHER REPORT PREDICTIONS
",https://www.coursef.com/college-football-bleacher-report-predictions
"BLEACHER REPORT ALL COLLEGE PICKS
",https://www.coursef.com/bleacher-report-all-college-picks
"BLEACHER REPORT COLLEGE FOOTBALL PICKS
",https://www.coursef.com/bleacher-report-college-football-picks
"COLLEGE FOOTBALL PREDICTIONS BLEACHER REPORT
",https://www.coursef.com/college-football-predictions-bleacher-report
"BLEACHER REPORT FREE COLLEGE PICKS
",https://www.coursef.com/bleacher-report-free-college-picks
"BLEACHER REPORT COLLEGE SCORE PREDICTION
",https://www.coursef.com/bleacher-report-college-score-prediction
"BLEACHER REPORT COLLEGE BASKETBALL PREDICTIONS
",https://www.coursef.com/bleacher-report-college-basketball-predictions
"COLLEGE BASKETBALL BLEACHER REPORT
",https://www.coursef.com/college-basketball-bleacher-report
"BLEACHER REPORT COLLEGE FOOTBALL PREDICTIONS
",https://www.coursef.com/bleacher-report-college-football-predictions
"COLLEGE FOOTBALL WEEK 11 PICKS
",https://www.coursef.com/college-football-week-11-picks
"COLLEGE FOOTBALL UNDERDOG PICKS​
",https://www.coursef.com/college-football-underdog-picks
"COLLEGE FOOTBALL SPREAD PICKS FREE
",https://www.coursef.com/college-football-spread-picks-free
"TOP 25 COLLEGE PICKS SPREAD
",https://www.coursef.com/top-25-college-picks-spread
"COLLEGE FOOTBALL TOP 25 ODDS
",https://www.coursef.com/college-football-top-25-odds
"COLLEGE FOOTBALL ODDS AND PREDICTIONS
",https://www.coursef.com/college-football-odds-and-predictions
"VEGAS COLLEGE FOOTBALL ODDS
",https://www.coursef.com/vegas-college-football-odds
"COLLEGE FOOTBALL ODDS VEGAS INSIDER
",https://www.coursef.com/college-football-odds-vegas-insider
"COLLEGE FOOTBALL PREDICTIONS LAS VEGAS
",https://www.coursef.com/college-football-predictions-las-vegas
"COLLEGE FOOTBALL LAS VEGAS PICKS
",https://www.coursef.com/college-football-las-vegas-picks
"COLLEGE FOOTBALL POINT SPREADS VEGAS
",https://www.coursef.com/college-football-point-spreads-vegas
"COLLEGE FOOTBALL POINT SPREADS 2019
",https://www.coursef.com/college-football-point-spreads-2019
"ESPN COLLEGE FOOTBALL BETTING LINES​
",https://www.coursef.com/espn-college-football-betting-lines
"ESPN COLLEGE FOOTBALL LINE ODDS
",https://www.coursef.com/espn-college-football-line-odds
"CBS SPORTS COLLEGE FOOTBALL ODDS
",https://www.coursef.com/cbs-sports-college-football-odds
"CBS SPORTS COLLEGE FOOTBALL
",https://www.coursef.com/cbs-sports-college-football
"SPORTING NEWS COLLEGE FOOTBALL PICKS
",https://www.coursef.com/sporting-news-college-football-picks
"BILL BENDER COLLEGE FOOTBALL PICKS
",https://www.coursef.com/bill-bender-college-football-picks
"SPORTING NEWS COLLEGE FOOTBALL PREDICTIONS
",https://www.coursef.com/sporting-news-college-football-predictions
"SPORTING NEWS COLLEGE FOOTBALL MAGAZINE
",https://www.coursef.com/sporting-news-college-football-magazine
"SPORTING NEWS COLLEGE FOOTBALL YEARBOOK
",https://www.coursef.com/sporting-news-college-football-yearbook
"2020 STREET AND SMITHS COLLEGE FOOTBALL YEARBOOK
",https://www.coursef.com/2020-street-and-smiths-college-football-yearbook
"STREET SMITH COLLEGE FOOTBALL MAGAZINE
",https://www.coursef.com/street-smith-college-football-magazine
"STREET AND SMITH COLLEGE FOOTBALL
",https://www.coursef.com/street-and-smith-college-football
"STREET SMITH COLLEGE BASKETBALL ANNUALS
",https://www.coursef.com/street-smith-college-basketball-annuals
"SMITH COLLEGE BASKETBALL SCHEDULE
",https://www.coursef.com/smith-college-basketball-schedule
"SMITH COLLEGE ATHLETICS BASKETBALL
",https://www.coursef.com/smith-college-athletics-basketball
"SMITH COLLEGE ATHLETIC FIELDS
",https://www.coursef.com/smith-college-athletic-fields
"SMITH COLLEGE ATHLETICS
",https://www.coursef.com/smith-college-athletics
"SMITH COLLEGE ATHLETIC FACILITIES
",https://www.coursef.com/smith-college-athletic-facilities
"COLLEGE ATHLETIC FACILITIES
",https://www.coursef.com/college-athletic-facilities
"CONNECTICUT COLLEGE ATHLETIC FACILITIES
",https://www.coursef.com/connecticut-college-athletic-facilities
"BEST ATHLETIC FACILITIES IN COLLEGE
",https://www.coursef.com/best-athletic-facilities-in-college
"COLLEGE ATHLETIC FACILITY PLANNING
",https://www.coursef.com/college-athletic-facility-planning
"BEST SMALL COLLEGE ATHLETIC FACILITIES
",https://www.coursef.com/best-small-college-athletic-facilities
"BEST COLLEGE TRACK FACILITIES
",https://www.coursef.com/best-college-track-facilities
"BEST COLLEGE REC CENTER
",https://www.coursef.com/best-college-rec-center
